{
  "hash": "f0d56654",
  "configHash": "70417393",
  "lockfileHash": "5b5cf9ec",
  "browserHash": "1f3c70cd",
  "optimized": {
    "@angular/core": {
      "src": "../../../../../node_modules/@angular/core/fesm2022/core.mjs",
      "file": "@angular_core.js",
      "fileHash": "39617d79",
      "needsInterop": false
    },
    "@angular/platform-browser": {
      "src": "../../../../../node_modules/@angular/platform-browser/fesm2022/platform-browser.mjs",
      "file": "@angular_platform-browser.js",
      "fileHash": "8162b715",
      "needsInterop": false
    },
    "@angular/common": {
      "src": "../../../../../node_modules/@angular/common/fesm2022/common.mjs",
      "file": "@angular_common.js",
      "fileHash": "579d60bb",
      "needsInterop": false
    },
    "@angular/forms": {
      "src": "../../../../../node_modules/@angular/forms/fesm2022/forms.mjs",
      "file": "@angular_forms.js",
      "fileHash": "2020729f",
      "needsInterop": false
    }
  },
  "chunks": {
    "chunk-GCVVDCIX": {
      "file": "chunk-GCVVDCIX.js"
    },
    "chunk-HG2H75VI": {
      "file": "chunk-HG2H75VI.js"
    }
  }
}