{
  "hash": "9bf423fe",
  "configHash": "9adb6f6d",
  "lockfileHash": "7e9b3643",
  "browserHash": "fda3f28c",
  "optimized": {
    "@angular/core": {
      "src": "../../../../../node_modules/@angular/core/fesm2022/core.mjs",
      "file": "@angular_core.js",
      "fileHash": "48f7bea3",
      "needsInterop": false
    },
    "@angular/platform-browser": {
      "src": "../../../../../node_modules/@angular/platform-browser/fesm2022/platform-browser.mjs",
      "file": "@angular_platform-browser.js",
      "fileHash": "17768c7b",
      "needsInterop": false
    },
    "@angular/forms": {
      "src": "../../../../../node_modules/@angular/forms/fesm2022/forms.mjs",
      "file": "@angular_forms.js",
      "fileHash": "e4e57f0b",
      "needsInterop": false
    }
  },
  "chunks": {
    "chunk-6BIFS6IR": {
      "file": "chunk-6BIFS6IR.js"
    },
    "chunk-R4BUPLND": {
      "file": "chunk-R4BUPLND.js"
    }
  }
}