{
  "hash": "583f2952",
  "configHash": "248fb913",
  "lockfileHash": "7c44c4eb",
  "browserHash": "1397aa16",
  "optimized": {
    "@angular/core": {
      "src": "../../../../../node_modules/@angular/core/fesm2022/core.mjs",
      "file": "@angular_core.js",
      "fileHash": "26562877",
      "needsInterop": false
    },
    "@angular/platform-browser": {
      "src": "../../../../../node_modules/@angular/platform-browser/fesm2022/platform-browser.mjs",
      "file": "@angular_platform-browser.js",
      "fileHash": "0a247f96",
      "needsInterop": false
    },
    "@angular/forms": {
      "src": "../../../../../node_modules/@angular/forms/fesm2022/forms.mjs",
      "file": "@angular_forms.js",
      "fileHash": "338073cc",
      "needsInterop": false
    }
  },
  "chunks": {
    "chunk-6BIFS6IR": {
      "file": "chunk-6BIFS6IR.js"
    },
    "chunk-R4BUPLND": {
      "file": "chunk-R4BUPLND.js"
    }
  }
}