{
  "hash": "f4abf790",
  "configHash": "adfd9576",
  "lockfileHash": "6bd0ed00",
  "browserHash": "68259ac0",
  "optimized": {
    "@angular/core": {
      "src": "../../../../../node_modules/@angular/core/fesm2022/core.mjs",
      "file": "@angular_core.js",
      "fileHash": "3d2c7510",
      "needsInterop": false
    },
    "@angular/platform-browser": {
      "src": "../../../../../node_modules/@angular/platform-browser/fesm2022/platform-browser.mjs",
      "file": "@angular_platform-browser.js",
      "fileHash": "8b26e326",
      "needsInterop": false
    },
    "@angular/common": {
      "src": "../../../../../node_modules/@angular/common/fesm2022/common.mjs",
      "file": "@angular_common.js",
      "fileHash": "41be80e7",
      "needsInterop": false
    },
    "@angular/forms": {
      "src": "../../../../../node_modules/@angular/forms/fesm2022/forms.mjs",
      "file": "@angular_forms.js",
      "fileHash": "97d594c2",
      "needsInterop": false
    }
  },
  "chunks": {
    "chunk-AMFQVIX3": {
      "file": "chunk-AMFQVIX3.js"
    },
    "chunk-IW765U5K": {
      "file": "chunk-IW765U5K.js"
    }
  }
}